{
  "throughput_orders_per_hour": 6.466498041049156,
  "average_lead_time_hours": 7.066747376145037,
  "max_lead_time_hours": 20.463802524080002,
  "min_lead_time_hours": 0.23333333333333073,
  "machine_a_utilization": 0.5458216578540644,
  "machine_b_utilization": 0.5393710382612437,
  "machine_c_utilization": 0.431099869403261,
  "total_shipments": 53,
  "total_products_shipped": 1060.0,
  "average_products_per_shipment": 20.0,
  "delay_rate": 0.0,
  "average_warehouse_wait_time": 0.0,
  "average_warehouse_inventory": 351.5399103139014,
  "average_buffer_A_B_level_level": 6.93053016453382,
  "max_buffer_A_B_level_level": 15,
  "average_buffer_B_C_level_level": 2.1209751609935603,
  "max_buffer_B_C_level_level": 15
}